Team,League_Pts,Played,Scored,Conceded,Delta,PPM,Rank
ODI 3,21,9,21,6,120,2.3333333333333335,1
MVC de Hangar 2,17,8,17,7,54,2.125,2
Best 4,15,8,15,9,61,1.875,3
ABC Volleybal 3,15,9,15,12,32,1.6666666666666667,4
Ledûb volleybal 1,14,8,14,10,39,1.75,5
Primo 2,12,8,12,12,1,1.5,6
Pegasus 1,12,10,12,18,-42,1.2,7
Bravo 3,6,10,6,24,-169,0.6,8
PBF Volleybal 2,5,8,5,19,-96,0.625,9
