Team,League_Pts,Played,Scored,Conceded,Delta,PPM,Rank
ODI 3,23,10,23,7,125,2.3,1
MVC de Hangar 2,20,9,20,7,91,2.2222222222222223,2
Best 4,17,9,17,10,72,1.8888888888888888,3
ABC Volleybal 3,16,10,16,14,27,1.6,4
Ledûb volleybal 1,15,9,15,12,28,1.6666666666666667,5
Primo 2,12,8,12,12,1,1.5,6
Pegasus 1,12,10,12,18,-42,1.2,7
Bravo 3,6,10,6,24,-169,0.6,8
PBF Volleybal 2,5,9,5,22,-133,0.5555555555555556,9
