Team,League_Pts,Played,Scored,Conceded,Delta,PPM,Rank
ODI 3,21,9,21,6,120,2.3333333333333335,1
MVC de Hangar 2,17,8,17,7,54,2.125,2
Best 4,15,8,15,9,61,1.875,3
ABC Volleybal 3,15,9,15,12,32,1.6666666666666667,4
Ledûb volleybal 1,14,8,14,10,39,1.75,5
Primo 2,12,8,12,12,1,1.5,6
Pegasus 1,10,9,10,17,-50,1.1111111111111112,7
PBF Volleybal 2,5,8,5,19,-96,0.625,8
Bravo 3,5,9,5,22,-161,0.5555555555555556,9
